Title,Link
,/news/6766573/انتقاد-شدید-میلیاردر-اماراتی-از-ترامپ-روایتی-از-جنگ-بدون-استراتژی
,/news/6767072/فراخوان-داوطلبان-برای-همکاری-با-بیمارستان-ها
,/news/6766952/پزشکیان-در-دفاع-از-عزت-و-اقتدار-کشورمان-سر-سوزنی-تردید-نداریم
,/news/6767014/پلیس-مردم-در-شناسایی-خانه-های-تیمی-مزدوران-نقش-کلیدی-دارند
,/news/6766981/کاشت-یک-میلیون-اصله-درخت-در-تهران-با-نام-و-یاد-رهبر-شهید
هشدار دریادار احمدیان به اقلیم کردستان عراق,/news/6766742/%D9%87%D8%B4%D8%AF%D8%A7%D8%B1-%D8%AF%D8%B1%DB%8C%D8%A7%D8%AF%D8%A7%D8%B1-%D8%A7%D8%AD%D9%85%D8%AF%DB%8C%D8%A7%D9%86-%D8%A8%D9%87-%D8%A7%D9%82%D9%84%DB%8C%D9%85-%DA%A9%D8%B1%D8%AF%D8%B3%D8%AA%D8%A7%D9%86-%D8%B9%D8%B1%D8%A7%D9%82
زمان شارژ اعتبار کالابرگ تمام مشمولان اعلام شد,/news/6766719/%D8%B2%D9%85%D8%A7%D9%86-%D8%B4%D8%A7%D8%B1%DA%98-%D8%A7%D8%B9%D8%AA%D8%A8%D8%A7%D8%B1-%DA%A9%D8%A7%D9%84%D8%A7%D8%A8%D8%B1%DA%AF-%D8%AA%D9%85%D8%A7%D9%85-%D9%85%D8%B4%D9%85%D9%88%D9%84%D8%A7%D9%86-%D8%A7%D8%B9%D9%84%D8%A7%D9%85-%D8%B4%D8%AF
افسر پیشین اطلاعات آمریکا: واشنگتن مقابل ایران شکست خورده است,/news/6766732/%D8%A7%D9%81%D8%B3%D8%B1-%D9%BE%DB%8C%D8%B4%DB%8C%D9%86-%D8%A7%D8%B7%D9%84%D8%A7%D8%B9%D8%A7%D8%AA-%D8%A2%D9%85%D8%B1%DB%8C%DA%A9%D8%A7-%D9%88%D8%A7%D8%B4%D9%86%DA%AF%D8%AA%D9%86-%D9%85%D9%82%D8%A7%D8%A8%D9%84-%D8%A7%DB%8C%D8%B1%D8%A7%D9%86-%D8%B4%DA%A9%D8%B3%D8%AA-%D8%AE%D9%88%D8%B1%D8%AF%D9%87-%D8%A7%D8%B3%D8%AA
نحوه فعالیت ادارات تهران؛ دورکاری بانوان و حضور ۲۰ درصدی کارکنان,/news/6766688/%D9%86%D8%AD%D9%88%D9%87-%D9%81%D8%B9%D8%A7%D9%84%DB%8C%D8%AA-%D8%A7%D8%AF%D8%A7%D8%B1%D8%A7%D8%AA-%D8%AA%D9%87%D8%B1%D8%A7%D9%86-%D8%AF%D9%88%D8%B1%DA%A9%D8%A7%D8%B1%DB%8C-%D8%A8%D8%A7%D9%86%D9%88%D8%A7%D9%86-%D9%88-%D8%AD%D8%B6%D9%88%D8%B1-%DB%B2%DB%B0-%D8%AF%D8%B1%D8%B5%D8%AF%DB%8C-%DA%A9%D8%A7%D8%B1%DA%A9%D9%86%D8%A7%D9%86
حضور انبوه جمعیت روزه‌دار تهران در مصلای امام خمینی,/news/6766838/%D8%AD%D8%B6%D9%88%D8%B1-%D8%A7%D9%86%D8%A8%D9%88%D9%87-%D8%AC%D9%85%D8%B9%DB%8C%D8%AA-%D8%B1%D9%88%D8%B2%D9%87-%D8%AF%D8%A7%D8%B1-%D8%AA%D9%87%D8%B1%D8%A7%D9%86-%D8%AF%D8%B1-%D9%85%D8%B5%D9%84%D8%A7%DB%8C-%D8%A7%D9%85%D8%A7%D9%85-%D8%AE%D9%85%DB%8C%D9%86%DB%8C
واکنش چهره‌ها و فدراسیون‌ها به جنایات آمریکایی - صهیونی در ورزش+ عکس,/news/6766747/%D9%88%D8%A7%DA%A9%D9%86%D8%B4-%DA%86%D9%87%D8%B1%D9%87-%D9%87%D8%A7-%D9%88-%D9%81%D8%AF%D8%B1%D8%A7%D8%B3%DB%8C%D9%88%D9%86-%D9%87%D8%A7-%D8%A8%D9%87-%D8%AC%D9%86%D8%A7%DB%8C%D8%A7%D8%AA-%D8%A2%D9%85%D8%B1%DB%8C%DA%A9%D8%A7%DB%8C%DB%8C-%D8%B5%D9%87%DB%8C%D9%88%D9%86%DB%8C-%D8%AF%D8%B1-%D9%88%D8%B1%D8%B2%D8%B4
,/news/6767133/استاندار-تهران-۵-هزار-تن-میوه-برای-شب-عید-ذخیره-شده-است
,/news/6767111/در-تأمین-بنزین-گازوئیل-برق-و-گاز-کمبودی-نخواهیم-داشت
,/news/6767062/خالدی-۱۱-پایگاه-هلال-احمر-در-جریان-حملات-اخیر-آسیب-دیدند
,/news/6767086/وضعیت-مطلوب-ذخایر-خونی-در-کشور
,/news/6767067/موفقیت-کامل-در-پرتاب-موشک-های-موج-بیست-و-دوم
,/news/6766921/قالیباف-آبراهام-لینکلن-در-اولین-مواجهه-صحنه-نبرد-را-ترک-کرد
,/news/6766997/رادان-مرزبانان-با-آمادگی-کامل-و-دست-به-ماشه-هستند
,/news/6766981/کاشت-یک-میلیون-اصله-درخت-در-تهران-با-نام-و-یاد-رهبر-شهید
,/news/6767024/ورزشکاران-نشان-دادند-در-کنار-مردم-بودن-مهمتر-از-سکوی-قهرمانی
,/news/6767041/واشنگتن-پست-روسیه-به-ایران-علیه-آمریکا-کمک-اطلاعاتی-می-دهد
,/news/6767031/هزینه-روزانه-یک-میلیارد-دلاری-جنگ-برای-آمریکا
,/news/6767022/سقوط-سنگین-وال-استریت-یک-تریلیون-دلار-از-بازار-محو-شد
,/news/6767019/حملات-موشکی-و-پهپادی-حزب-الله-به-دو-پایگاه-نظامی-و-یک-شهرک-صهیونیستی
,/news/6766742/هشدار-دریادار-احمدیان-به-اقلیم-کردستان-عراق
,/news/6766996/ساخت-مسکن-حمایتی-در-شرایط-جنگ-ادامه-دارد
,/news/6767005/انهدام-رادارهای-تاد-و-چشم-صحرا-توسط-یگان-های-موشکی-و-پهپادی
,/news/6766865/اژه-ای-در-شرایط-فعلی-کسی-تصور-نکند-فضا-برای-اعمال-مجرمانه-فراهم
,/news/6766838/حضور-انبوه-جمعیت-روزه-دار-تهران-در-مصلای-امام-خمینی
,/news/6766732/افسر-پیشین-اطلاعات-آمریکا-واشنگتن-مقابل-ایران-شکست-خورده-است
,/news/6766601/چهارمین-جلسه-شورای-موقت-رهبری-برگزار-شد
,/news/6766848/یارانه-کالابرگ-حقوق-کارکنان-و-بازنشستگان-در-زمان-مقرر-پرداخت
,/news/6766747/واکنش-چهره-ها-و-فدراسیون-ها-به-جنایات-آمریکایی-صهیونی-در-ورزش
,/news/6766834/آغاز-موج-۲۲-وعده-صادق-۴-با-شلیک-انبوه-موشک-های-خیبر-خرمشهر-۴
,/news/6766819/ملت-امام-حسین-ع-بودن-شعار-نیست-ایستادگی-رمز-نجات
,/news/6766794/فرار-بیش-از-۱۰-هزار-صهیونیست-از-اراضی-اشغالی
,/news/6766785/وزارت-اطلاعات-اگر-پهپاد-و-جنگنده-دشمن-دیدید-اطلاع-دهید
,/news/6766755/حمایت-پکن-از-ایران-در-برابر-متجاوزان
,/news/6766856/به-سمت-قله-می-رفتیم-آه-ای-قافله-سالار
,/news/6766907/لزوم-تعیین-و-اعلام-شجاعانه-رهبری-در-اسرع-وقت-از-سوی-خبرگان
,/news/6766805/با-قائد-أمت-دوباره-عهد-می-بندیم
,/news/6766706/جانشینی-مسئله-اصلی-در-دفاع-مقدس-است
,/news/6766688/نحوه-فعالیت-ادارات-تهران-دورکاری-بانوان-و-حضور-۲۰-درصدی-کارکنان
,/news/6766543/اعتراف-خبرنگار-صهیونیست-به-کاهش-توان-دفاعی-اسرائیل-و-آمریکا
امام جمعه موقت یزد: اعتمادی به دشمنان نیست؛ آتش‌بس نمی‌کنیم,/news/6767141/%D8%A7%D9%85%D8%A7%D9%85-%D8%AC%D9%85%D8%B9%D9%87-%D9%85%D9%88%D9%82%D8%AA-%DB%8C%D8%B2%D8%AF-%D8%A7%D8%B9%D8%AA%D9%85%D8%A7%D8%AF%DB%8C-%D8%A8%D9%87-%D8%AF%D8%B4%D9%85%D9%86%D8%A7%D9%86-%D9%86%DB%8C%D8%B3%D8%AA-%D8%A2%D8%AA%D8%B4-%D8%A8%D8%B3-%D9%86%D9%85%DB%8C-%DA%A9%D9%86%DB%8C%D9%85
حضور نمازگزاران البرزی در راهپیمایی خونخواهی رهبر شهید و تشییع شهدا,/news/6767138/%D8%AD%D8%B6%D9%88%D8%B1-%D9%86%D9%85%D8%A7%D8%B2%DA%AF%D8%B2%D8%A7%D8%B1%D8%A7%D9%86-%D8%A7%D9%84%D8%A8%D8%B1%D8%B2%DB%8C-%D8%AF%D8%B1-%D8%B1%D8%A7%D9%87%D9%BE%DB%8C%D9%85%D8%A7%DB%8C%DB%8C-%D8%AE%D9%88%D9%86%D8%AE%D9%88%D8%A7%D9%87%DB%8C-%D8%B1%D9%87%D8%A8%D8%B1-%D8%B4%D9%87%DB%8C%D8%AF-%D9%88-%D8%AA%D8%B4%DB%8C%DB%8C%D8%B9
وضعیت فعالیت دستگاه‌های اجرایی، دانشگاه‌ها و مدارس آذربایجان ‌غربی,/news/6767136/%D9%88%D8%B6%D8%B9%DB%8C%D8%AA-%D9%81%D8%B9%D8%A7%D9%84%DB%8C%D8%AA-%D8%AF%D8%B3%D8%AA%DA%AF%D8%A7%D9%87-%D9%87%D8%A7%DB%8C-%D8%A7%D8%AC%D8%B1%D8%A7%DB%8C%DB%8C-%D8%AF%D8%A7%D9%86%D8%B4%DA%AF%D8%A7%D9%87-%D9%87%D8%A7-%D9%88-%D9%85%D8%AF%D8%A7%D8%B1%D8%B3-%D8%A2%D8%B0%D8%B1%D8%A8%D8%A7%DB%8C%D8%AC%D8%A7%D9%86
اتحاد و وحدت کلید موفقیت است,/news/6767126/%D8%A7%D8%AA%D8%AD%D8%A7%D8%AF-%D9%88-%D9%88%D8%AD%D8%AF%D8%AA-%DA%A9%D9%84%DB%8C%D8%AF-%D9%85%D9%88%D9%81%D9%82%DB%8C%D8%AA-%D8%A7%D8%B3%D8%AA
زخمی شدن پسر «اسموتریچ» در حمله حزب الله,/news/6767139/%D8%B2%D8%AE%D9%85%DB%8C-%D8%B4%D8%AF%D9%86-%D9%BE%D8%B3%D8%B1-%D8%A7%D8%B3%D9%85%D9%88%D8%AA%D8%B1%DB%8C%DA%86-%D8%AF%D8%B1-%D8%AD%D9%85%D9%84%D9%87-%D8%AD%D8%B2%D8%A8-%D8%A7%D9%84%D9%84%D9%87
کاشت نهال از مهم‌ترین راه‌های حفاظت از آب و خاک است,/news/6767130/%DA%A9%D8%A7%D8%B4%D8%AA-%D9%86%D9%87%D8%A7%D9%84-%D8%A7%D8%B2-%D9%85%D9%87%D9%85-%D8%AA%D8%B1%DB%8C%D9%86-%D8%B1%D8%A7%D9%87-%D9%87%D8%A7%DB%8C-%D8%AD%D9%81%D8%A7%D8%B8%D8%AA-%D8%A7%D8%B2-%D8%A2%D8%A8-%D9%88-%D8%AE%D8%A7%DA%A9-%D8%A7%D8%B3%D8%AA
استاندار تهران: ۵ هزار تن میوه برای شب عید ذخیره شده است,/news/6767133/%D8%A7%D8%B3%D8%AA%D8%A7%D9%86%D8%AF%D8%A7%D8%B1-%D8%AA%D9%87%D8%B1%D8%A7%D9%86-%DB%B5-%D9%87%D8%B2%D8%A7%D8%B1-%D8%AA%D9%86-%D9%85%DB%8C%D9%88%D9%87-%D8%A8%D8%B1%D8%A7%DB%8C-%D8%B4%D8%A8-%D8%B9%DB%8C%D8%AF-%D8%B0%D8%AE%DB%8C%D8%B1%D9%87-%D8%B4%D8%AF%D9%87-%D8%A7%D8%B3%D8%AA
حضور حماسی مردم در صحنه رفراندوم حمایت از نظام انقلاب اسلامی است,/news/6767122/%D8%AD%D8%B6%D9%88%D8%B1-%D8%AD%D9%85%D8%A7%D8%B3%DB%8C-%D9%85%D8%B1%D8%AF%D9%85-%D8%AF%D8%B1-%D8%B5%D8%AD%D9%86%D9%87-%D8%B1%D9%81%D8%B1%D8%A7%D9%86%D8%AF%D9%88%D9%85-%D8%AD%D9%85%D8%A7%DB%8C%D8%AA-%D8%A7%D8%B2-%D9%86%D8%B8%D8%A7%D9%85-%D8%A7%D9%86%D9%82%D9%84%D8%A7%D8%A8-%D8%A7%D8%B3%D9%84%D8%A7%D9%85%DB%8C
قاضی‌زاده هاشمی: باید با حامیان داخلی دشمن قاطعانه برخورد شود,/news/6767128/%D9%82%D8%A7%D8%B6%DB%8C-%D8%B2%D8%A7%D8%AF%D9%87-%D9%87%D8%A7%D8%B4%D9%85%DB%8C-%D8%A8%D8%A7%DB%8C%D8%AF-%D8%A8%D8%A7-%D8%AD%D8%A7%D9%85%DB%8C%D8%A7%D9%86-%D8%AF%D8%A7%D8%AE%D9%84%DB%8C-%D8%AF%D8%B4%D9%85%D9%86-%D9%82%D8%A7%D8%B7%D8%B9%D8%A7%D9%86%D9%87-%D8%A8%D8%B1%D8%AE%D9%88%D8%B1%D8%AF-%D8%B4%D9%88%D8%AF
امام جمعه موقت اهل سنت چاه‌مبارک: دشمن به خواسته خود نمی‌رسد,/news/6767124/%D8%A7%D9%85%D8%A7%D9%85-%D8%AC%D9%85%D8%B9%D9%87-%D9%85%D9%88%D9%82%D8%AA-%D8%A7%D9%87%D9%84-%D8%B3%D9%86%D8%AA-%DA%86%D8%A7%D9%87-%D9%85%D8%A8%D8%A7%D8%B1%DA%A9-%D8%AF%D8%B4%D9%85%D9%86-%D8%A8%D9%87-%D8%AE%D9%88%D8%A7%D8%B3%D8%AA%D9%87-%D8%AE%D9%88%D8%AF-%D9%86%D9%85%DB%8C-%D8%B1%D8%B3%D8%AF
خروش قم در حمایت از انقلاب؛راهپیمایی گسترده نمازگزاران در دفاع از کشور,/news/6767125/%D8%AE%D8%B1%D9%88%D8%B4-%D9%82%D9%85-%D8%AF%D8%B1-%D8%AD%D9%85%D8%A7%DB%8C%D8%AA-%D8%A7%D8%B2-%D8%A7%D9%86%D9%82%D9%84%D8%A7%D8%A8-%D8%B1%D8%A7%D9%87%D9%BE%DB%8C%D9%85%D8%A7%DB%8C%DB%8C-%DA%AF%D8%B3%D8%AA%D8%B1%D8%AF%D9%87-%D9%86%D9%85%D8%A7%D8%B2%DA%AF%D8%B2%D8%A7%D8%B1%D8%A7%D9%86-%D8%AF%D8%B1-%D8%AF%D9%81%D8%A7%D8%B9
آزادی‌خواه: تصمیم مجلس خبرگان درباره رهبر آینده فصل‌الخطاب است,/news/6767121/%D8%A2%D8%B2%D8%A7%D8%AF%DB%8C-%D8%AE%D9%88%D8%A7%D9%87-%D8%AA%D8%B5%D9%85%DB%8C%D9%85-%D9%85%D8%AC%D9%84%D8%B3-%D8%AE%D8%A8%D8%B1%DA%AF%D8%A7%D9%86-%D8%AF%D8%B1%D8%A8%D8%A7%D8%B1%D9%87-%D8%B1%D9%87%D8%A8%D8%B1-%D8%A2%DB%8C%D9%86%D8%AF%D9%87-%D9%81%D8%B5%D9%84-%D8%A7%D9%84%D8%AE%D8%B7%D8%A7%D8%A8-%D8%A7%D8%B3%D8%AA
آیت‌الله عاملی: شهادت رهبر انقلاب، دشمن را ناامید و ملت را متحد کرد,/news/6767078/%D8%A2%DB%8C%D8%AA-%D8%A7%D9%84%D9%84%D9%87-%D8%B9%D8%A7%D9%85%D9%84%DB%8C-%D8%B4%D9%87%D8%A7%D8%AF%D8%AA-%D8%B1%D9%87%D8%A8%D8%B1-%D8%A7%D9%86%D9%82%D9%84%D8%A7%D8%A8-%D8%AF%D8%B4%D9%85%D9%86-%D8%B1%D8%A7-%D9%86%D8%A7%D8%A7%D9%85%DB%8C%D8%AF-%D9%88-%D9%85%D9%84%D8%AA-%D8%B1%D8%A7-%D9%85%D8%AA%D8%AD%D8%AF
